厂商,云产品层,产品名,能力域,定位,来源
Aliyun,IaaS,云服务器 ECS,通用计算,安全可靠弹性可伸缩的云计算服务,Aliyun/云服务器 ECS（来源 V3，可信度 official）
Aliyun,IaaS,GPU 云服务器,GPU 算力,GPU 弹性算力,Aliyun/GPU 云服务器（来源 V3，可信度 official）
Aliyun,IaaS,对象存储 OSS,存储,稳定安全高性价比高性能云存储,Aliyun/对象存储 OSS（来源 V3，可信度 official）
Aliyun,IaaS,文件存储 NAS / CPFS,存储,共享文件与并行文件存储,Aliyun/文件存储 NAS / CPFS（来源 V3，可信度 official）
Aliyun,IaaS,负载均衡 SLB,网络,按需分发的流量负载,Aliyun/负载均衡 SLB（来源 V3，可信度 official）
Aliyun,IaaS,专有网络 VPC,网络,网络隔离,Aliyun/专有网络 VPC（来源 V3，可信度 official）
Aliyun,IaaS,弹性高性能计算 E-HPC,HPC 高性能计算,高性能计算集群,Aliyun/弹性高性能计算 E-HPC（来源 V3，可信度 official）
Aliyun,PaaS,容器服务 Kubernetes 版 ACK,容器,Kubernetes 托管服务,Aliyun/容器服务 Kubernetes 版 ACK（来源 V3，可信度 official）
Aliyun,PaaS,容器计算服务 ACS,容器,以 K8s 为界面的容器算力,Aliyun/容器计算服务 ACS（来源 V3，可信度 official）
Aliyun,PaaS,云数据库 RDS,数据库,全托管多引擎数据库,Aliyun/云数据库 RDS（来源 V3，可信度 official）
Aliyun,PaaS,云原生数据库 PolarDB,数据库,兼容 MySQL/PostgreSQL/Oracle,Aliyun/云原生数据库 PolarDB（来源 V3，可信度 official）
Aliyun,PaaS,人工智能平台 PAI,AI 平台,一站式 AI 开发训练推理服务,Aliyun/人工智能平台 PAI（来源 V3，可信度 official）
Aliyun,PaaS,大模型服务平台百炼,AI 平台,大模型推理训练与应用构建,Aliyun/大模型服务平台百炼（来源 V3，可信度 official）
Aliyun,PaaS,云原生大数据计算 MaxCompute,大数据,企业级 SaaS 模式云数据仓库,Aliyun/云原生大数据计算 MaxCompute（来源 V3，可信度 official）
Aliyun,PaaS,大数据开发治理平台 DataWorks,大数据,智能数据开发治理平台,Aliyun/大数据开发治理平台 DataWorks（来源 V3，可信度 official）
Aliyun,PaaS,函数计算 FC,Serverless,事件驱动 Serverless 计算,Aliyun/函数计算 FC（来源 V3，可信度 official）
Aliyun,DAAS,未查到,,,
Aliyun,MASS,云盒,-,专有云与混合云交付形态,Aliyun/云盒（来源 V3，可信度 official）
Aliyun,SaaS,未查到,,,
HuaweiCloud,IaaS,弹性云服务器 ECS,通用计算,通用计算，可弹性伸缩与自动伸缩,HuaweiCloud/弹性云服务器 ECS（来源 V2，可信度 official）
HuaweiCloud,IaaS,裸金属服务器 BMS,通用计算,物理服务器，性能与隔离性优先,HuaweiCloud/裸金属服务器 BMS（来源 V2，可信度 official）
HuaweiCloud,IaaS,GPU 加速云服务器 GACS,GPU 算力,GPU 弹性算力,HuaweiCloud/GPU 加速云服务器 GACS（来源 V2，可信度 official）
HuaweiCloud,IaaS,对象存储服务 OBS,存储,稳定安全高效的云存储,HuaweiCloud/对象存储服务 OBS（来源 V2，可信度 official）
HuaweiCloud,IaaS,弹性文件服务 SFS,存储,完全托管的共享文件存储,HuaweiCloud/弹性文件服务 SFS（来源 V2，可信度 official）
HuaweiCloud,IaaS,云硬盘 EVS,存储,块存储,HuaweiCloud/云硬盘 EVS（来源 V2，可信度 official）
HuaweiCloud,IaaS,虚拟私有云 VPC,网络,网络隔离,HuaweiCloud/虚拟私有云 VPC（来源 V2，可信度 official）
HuaweiCloud,IaaS,弹性公网 IP EIP,网络,独立公网 IP 资源,HuaweiCloud/弹性公网 IP EIP（来源 V2，可信度 official）
HuaweiCloud,PaaS,AI 开发平台 ModelArts,AI 平台,面向 AI 开发者的一站式开发平台,HuaweiCloud/AI 开发平台 ModelArts（来源 V2，可信度 official）
HuaweiCloud,PaaS,云数据库 GaussDB,数据库,企业级分布式数据库,HuaweiCloud/云数据库 GaussDB（来源 V2，可信度 official）
HuaweiCloud,PaaS,云搜索服务 CSS,检索,多条件检索与分析,HuaweiCloud/云搜索服务 CSS（来源 V2，可信度 official）
HuaweiCloud,PaaS,函数工作流 FunctionGraph,Serverless,事件驱动的函数编排,HuaweiCloud/函数工作流 FunctionGraph（来源 V2，可信度 official）
HuaweiCloud,PaaS,专属计算集群服务 DCC,HPC 高性能计算,资源物理隔离的专属计算资源池,HuaweiCloud/专属计算集群服务 DCC（来源 V2，可信度 official）
HuaweiCloud,DAAS,未查到,,,
HuaweiCloud,MASS,未查到,,,
HuaweiCloud,SaaS,未查到,,,
Sugon,IaaS,曙光云,-,高端计算与算力服务，IaaS 面向 HPC 与 AI 集群场景,Sugon/曙光云（来源 V1，可信度 secondary）
Sugon,PaaS,曙光云 PaaS,-,平台层，含数据与 AI 平台能力,Sugon/曙光云 PaaS（来源 V1，可信度 secondary）
Sugon,DAAS,Sugon AI4S 平台,-,AI4S 算力服务，6 万卡集群与国家超算互联网,Sugon/Sugon AI4S 平台（来源 V1，可信度 secondary）
Sugon,MASS,先进计算服务,-,高端计算机与存储系统产品,Sugon/先进计算服务（来源 V1，可信度 secondary）
Sugon,SaaS,未查到,,,
TencentCloud,IaaS,云服务器 CVM,通用计算,弹性计算,TencentCloud/云服务器 CVM（来源 V4，可信度 secondary）
TencentCloud,IaaS,轻量应用服务器,通用计算,轻量入门,TencentCloud/轻量应用服务器（来源 V4，可信度 secondary）
TencentCloud,IaaS,对象存储 COS,存储,云存储,TencentCloud/对象存储 COS（来源 V4，可信度 secondary）
TencentCloud,IaaS,云硬盘 CBS,存储,块存储,TencentCloud/云硬盘 CBS（来源 V4，可信度 secondary）
TencentCloud,IaaS,私有网络 VPC,网络,网络隔离,TencentCloud/私有网络 VPC（来源 V4，可信度 secondary）
TencentCloud,PaaS,TKE 容器服务,容器,Kubernetes 托管服务,TencentCloud/TKE 容器服务（来源 V4，可信度 secondary）
TencentCloud,PaaS,云数据库 TDSQL,数据库,分布式数据库,TencentCloud/云数据库 TDSQL（来源 V4，可信度 secondary）
TencentCloud,PaaS,TI-ONE 机器学习平台,AI 平台,AI 开发训练平台,TencentCloud/TI-ONE 机器学习平台（来源 V4，可信度 secondary）
TencentCloud,PaaS,Serverless 云函数,Serverless,事件驱动函数计算,TencentCloud/Serverless 云函数（来源 V4，可信度 secondary）
TencentCloud,PaaS,大数据套件 EMR,大数据,大数据平台,TencentCloud/大数据套件 EMR（来源 V4，可信度 secondary）
TencentCloud,DAAS,未查到,,,
TencentCloud,MASS,未查到,,,
TencentCloud,SaaS,未查到,,,
